{"cameraMode":{"drawMode":0,"name":"Shaded","section":"Shading Mode"},"sceneLighting":true,"audioPlay":false,"sceneViewState":{"showFog":true,"showMaterialUpdate":false,"showSkybox":true,"showFlares":true,"showImageEffects":true,"showParticleSystems":true},"in2DMode":false,"pivot":{"x":-14.871591567993164,"y":-41.709259033203128,"z":15.532026290893555},"rotation":{"x":-0.44421860575675967,"y":0.553796648979187,"z":-0.46551793813705447,"w":-0.5284750461578369},"size":108.055419921875,"orthographic":false}